{"cameraMode":{"drawMode":0,"name":"Shaded","section":"Shading Mode"},"sceneLighting":false,"audioPlay":false,"sceneViewState":{"showFog":true,"showMaterialUpdate":false,"showSkybox":false,"showFlares":true,"showImageEffects":true,"showParticleSystems":true},"in2DMode":false,"pivot":{"x":0.0,"y":0.6338971257209778,"z":-0.035127878189086917},"rotation":{"x":-0.01838873140513897,"y":0.972832977771759,"z":-0.2153083086013794,"w":-0.08308606594800949},"size":2.536011219024658,"orthographic":false}