{"cameraMode":{"drawMode":0,"name":"Shaded","section":"Shading Mode"},"sceneLighting":true,"audioPlay":false,"sceneViewState":{"showFog":true,"showMaterialUpdate":true,"showSkybox":true,"showFlares":true,"showImageEffects":true,"showParticleSystems":true},"in2DMode":false,"pivot":{"x":486.4063415527344,"y":63.979488372802737,"z":244.6832733154297},"rotation":{"x":-0.19612863659858704,"y":0.07639361917972565,"z":-0.01532910019159317,"w":-0.9775192141532898},"size":5.925328731536865,"orthographic":false}