{"cameraMode":{"drawMode":0,"name":"Shaded","section":"Shading Mode"},"sceneLighting":true,"audioPlay":false,"sceneViewState":{"showFog":true,"showMaterialUpdate":false,"showSkybox":true,"showFlares":true,"showImageEffects":true,"showParticleSystems":true},"in2DMode":false,"pivot":{"x":682.9630126953125,"y":116.4030532836914,"z":333.3416442871094},"rotation":{"x":-0.014981728047132492,"y":0.8230133652687073,"z":-0.5674262046813965,"w":-0.02173181064426899},"size":5.091994762420654,"orthographic":false}